Cidade,Bairro,Categoria,Anuncio,id
Rio de Janeiro,Irajá ,Oportunidades de EMPREGO,Clínica odontológica seleciona dentista para fazer parte da equipe  dias quinta e sextas  interessados entrar em contato pro e-mail ibodontolog@gmail.com.,http://www.sistemas-cro-rj.org.br/classificados/anuncio_view.php?id=57609
Rio de Janeiro,Apollo/Itaboraí,Oportunidades de EMPREGO,Precisa se Endodontista para atendimento particular.Dias a combinar.Contatos: 968123758(whatsapp) ou por e-mail  jeniffermansano@hotmail.com,http://www.sistemas-cro-rj.org.br/classificados/anuncio_view.php?id=57610
Rio de Janeiro,recreio,Oportunidades de EMPREGO,Endodontista-PLANO E PARTICULAR SOMENTE POR DIÁRIA-SESSÃO ÚNICA ROTATÓRIO/OSCILATÓRIO.LEVO TODO MATERIAL,http://www.sistemas-cro-rj.org.br/classificados/anuncio_view.php?id=57611
Rio de Janeiro,Pavuna,Oportunidades de EMPREGO,EXCELENTE OPORTUNIDADE PARA CLÍNICO GERAL NA PAVUNA (PRÓXIMO AO METRÔ). DIAS E HORÁRIOS A COMBINAR . INTERESSADOS ENVIAR CURRÍCULO POR EMAIL .,http://www.sistemas-cro-rj.org.br/classificados/anuncio_view.php?id=57613
Rio de Janeiro,Botafogo,Oportunidades de EMPREGO,Procuro ENDODONTISTA para atendimento a convênios e particulares .Clínica em Botafogo . Tel (21)987468330,http://www.sistemas-cro-rj.org.br/classificados/anuncio_view.php?id=57618
Rio de Janeiro,Duque de Caxias,Oportunidades de EMPREGO,CLÍNICO-GERAL para atendimento de pacientes de convênio e particulares em clínica de GRANDE MOVIMENTO. Enviar MSG via Whats 99773313 Gustavo,http://www.sistemas-cro-rj.org.br/classificados/anuncio_view.php?id=57630
Rio de Janeiro,Recreio dos Bandeirantes,Oportunidades de EMPREGO,Vaga para Ortodontista em clínica dentro do Recreio Shopping. Enviar CV para dudentecenter@gmail.com,http://www.sistemas-cro-rj.org.br/classificados/anuncio_view.php?id=57632
Rio de Janeiro,recreio dos bandeirantes,Oportunidades de EMPREGO,Precisamos de especialista em Endodontia na proximidades do bairro do Recreio dos Bandeirantes interessados favor enviar currículo no e-mail informado.,http://www.sistemas-cro-rj.org.br/classificados/anuncio_view.php?id=57642
Rio de Janeiro,Meier,Oportunidades de EMPREGO,PRECISA-SE de DENTISTA PLANTONISTA para Clinica 24 horas no MeierCom experiência em Clinica Geral e Cirurgia. (inclusive para os sábados e domingos.)interressados enviar curriculum via email.,http://www.sistemas-cro-rj.org.br/classificados/anuncio_view.php?id=57663
Rio de Janeiro,Realengo,Oportunidades de EMPREGO,DENTISTA: clínico geral para Realengo. Dias disponíveis: terça a sábado.,http://www.sistemas-cro-rj.org.br/classificados/anuncio_view.php?id=57665
Rio de Janeiro,andarai,Oportunidades de EMPREGO,vaga para auxiliar de consultório dentário para trabalhar de segunda a sábado com experiencia.,http://www.sistemas-cro-rj.org.br/classificados/anuncio_view.php?id=57666
Rio de Janeiro,Campo Grande,Oportunidades de EMPREGO,ENDODONTISTA para clínica multidisciplinar alto padrão com grande movimento no Calçadão de Campo Grande. 23 anos de mercado. Currículo com disponibilidade de horário para cv.dentista@ig.com.br ou whatsapp 99985-6860,http://www.sistemas-cro-rj.org.br/classificados/anuncio_view.php?id=57668
Rio de Janeiro,Nova Iguaçu,Oportunidades de EMPREGO,Seleciono clínico geral e endodontista para atendimento de bons convênios e particular no centro de nova Iguaçu.Contato whatsapp 994633447 Vivian,http://www.sistemas-cro-rj.org.br/classificados/anuncio_view.php?id=57673
Rio de Janeiro,CAMPO GRANDE,Oportunidades de EMPREGO,precisa-se de ASB/recepcionista para clinica em campo grande interessados enviar  curriculo  pelo  watsapp:991459156  ,http://www.sistemas-cro-rj.org.br/classificados/anuncio_view.php?id=57681
Rio de Janeiro,Cidade de Deus,Oportunidades de EMPREGO,Dentista com experiência mínima de dois anos em clínica ( que faça exodontia) e que tenha experiência.Somente atendimento particular. Inicio imediato.Período IntegralSalário fixo ,http://www.sistemas-cro-rj.org.br/classificados/anuncio_view.php?id=57682
Rio de Janeiro,Guaratiba,Oportunidades de EMPREGO,PRECISA-SE DE PROTÉTICO - COM URGÊNCIA,http://www.sistemas-cro-rj.org.br/classificados/anuncio_view.php?id=57683
Rio de Janeiro,Madureira,Oportunidades de EMPREGO,Clínico Geral ou Odontopediatra para atender crianças de todas as idades particular e planos para início imediato. Colocar no assunto do email: Vaga Criança,http://www.sistemas-cro-rj.org.br/classificados/anuncio_view.php?id=57713
Rio de Janeiro,Sao Joao de Meriti,Oportunidades de EMPREGO,Vaga para cirurgião dentista clínico geral para trabalhar em clínica com excelente localização 6 consultórios  laboratório de prótese e ampla recepção no centro de São Joao de Meriti. ,http://www.sistemas-cro-rj.org.br/classificados/anuncio_view.php?id=57685
Rio de Janeiro,Rio de Janeiro ,Oportunidades de EMPREGO,Empresa de grande porte seleciona Recepcionista com experiência e que tenha perfil de Venda e conheça profundamente convênios .Tem que ter experiência em VENDAS e CONVÊNIOS ! Interessados enviar WhatsApp 21 99952-3700,http://www.sistemas-cro-rj.org.br/classificados/anuncio_view.php?id=57688
Rio de Janeiro,Freguesia jacarepagua,Oportunidades de EMPREGO,Clínico Geral com experiência em exodontias e próteses p/ trab em clínica com movimento no centro da Freg de seg a sexta. Início imediato.Currículo p/ cdadentistas@hotmail.com,http://www.sistemas-cro-rj.org.br/classificados/anuncio_view.php?id=57710
Rio de Janeiro,santa cruz,Oportunidades de EMPREGO,DENTISTAS EXPRESS contrata ORTODONTISTAS! Excelente OPORTUNIDADE! Enviar currículo para o email e marcar entrevista com LUCIANA,http://www.sistemas-cro-rj.org.br/classificados/anuncio_view.php?id=57711
Rio de Janeiro,Bangu,Oportunidades de EMPREGO,Clínica há 10 anos em Bangu seleciona para atendimento apenas particular clínico geral de 2 a 7 anos de formado atender toda quinta e sexta em horário comercial. Ótimo movimento. Requisito: bom relacionamento interpessoal Capacidade de venda. ,http://www.sistemas-cro-rj.org.br/classificados/anuncio_view.php?id=57717
Rio de Janeiro,Freguesia - Jacarepaguá,Oportunidades de EMPREGO,Buscamos uma ASB que goste de pessoas EXTREMAMENTE simpática pois além do seu trabalho tradicional precisará apoiar a recepcionista no trabalho do dia a dia. Se você tem esse perfil envie o currículo para a nossa equipe e faça parte desse time.,http://www.sistemas-cro-rj.org.br/classificados/anuncio_view.php?id=57722
Rio de Janeiro,Campo Grande ,Oportunidades de EMPREGO,Vaga para dentista especialista em cirurgia para atendimento de exodontias de dentes simples e sisos. Particular e convênio. Interessados chamar no wpp 979851112 Renato,http://www.sistemas-cro-rj.org.br/classificados/anuncio_view.php?id=57725
Rio de Janeiro,Itanhangá,Oportunidades de EMPREGO,presciso de clinico que faça todos os tipos de trabalho.terças e quintas .por favor enviar curriculo  para o email acima.clinica fica na tijuquinha.,http://www.sistemas-cro-rj.org.br/classificados/anuncio_view.php?id=57726
Rio de Janeiro,Campo Grande,Oportunidades de EMPREGO,Preciso de clínico geral com experiência pra atender convênios e particular para clínica Campo Grande. Mínimo 2 anos de formado. Chamar no Whatsapp  964018555,http://www.sistemas-cro-rj.org.br/classificados/anuncio_view.php?id=57736
Rio de Janeiro,Realengo ,Oportunidades de EMPREGO,Preciso clínico geral com experiência em prótese mínimo 2 anos de formado para atendimento de pacientes particulares. Quarta quinta e sábado. Chamar no Whatsapp 964018555,http://www.sistemas-cro-rj.org.br/classificados/anuncio_view.php?id=57737
Rio de Janeiro,Tijuca / Grajaú ,Oportunidades de EMPREGO,Clínica odontológica na Tijuca seleciona dentista clínico geral para atender deSegunda a sábado .horario de 9 as 18 interessados enviar curriculum para dradaniellesant@gnail.com ,http://www.sistemas-cro-rj.org.br/classificados/anuncio_view.php?id=57741
Rio de Janeiro,Madureira,Oportunidades de EMPREGO,Clínico Geral para atender planos e particulares para início imediato. Já com cartela de pacientes. Enviar currículo apenas por email.,http://www.sistemas-cro-rj.org.br/classificados/anuncio_view.php?id=57750
Rio de Janeiro,Campo Grande,Oportunidades de EMPREGO,Precisa-se de recepcionista com experiencia em convênios. Idade acima dos 40 anos. Favor enviar curriculum para espacodental@gmail.com,http://www.sistemas-cro-rj.org.br/classificados/anuncio_view.php?id=57754
Rio de Janeiro,vargem grande,Oportunidades de EMPREGO,oportunidade de emprego para ASBcom ou sem experiencia!contato:96423-9800 ou 970120045.,http://www.sistemas-cro-rj.org.br/classificados/anuncio_view.php?id=57760
Rio de Janeiro,vargem grande,Oportunidades de EMPREGO,oportunidade de emprego para recepcionista.com o sem experiencia.contato 964239800 ou 970120045! ,http://www.sistemas-cro-rj.org.br/classificados/anuncio_view.php?id=57761
Rio de Janeiro,Centro,Oportunidades de EMPREGO,Preciso de ASB diarista enviar CV e whatssapp 21999983540,http://www.sistemas-cro-rj.org.br/classificados/anuncio_view.php?id=57763
Rio de Janeiro,CAMPO GRANDE,Oportunidades de EMPREGO,Clinico Geral para trabalhar em Clínica em Campo Grande. Mandar currículo para email: facilidente@yahoo.com.br,http://www.sistemas-cro-rj.org.br/classificados/anuncio_view.php?id=57765
Rio de Janeiro,tijuca,Oportunidades de EMPREGO,ofereço vaga para ASB/recepcionista com experiencia em plano de saúde dinamica atenciosa e comprometida. Por favor enviar curriculo por email.,http://www.sistemas-cro-rj.org.br/classificados/anuncio_view.php?id=57782
Rio de Janeiro,BARRA DA TIJUCA,Oportunidades de EMPREGO,ESTAMOS CONTRATANDO RECEPCIONISTAS PARA CLÍNICA DR. RAFAEL SANTOS. TAREFAS: ORGANIZAÇÃO DAS AGENDAS DOS DENTISTAS CONFIRMAÇÃO DE CONSULTAS ATENDIMENTOS PORTA E TELEFONES. QUE TENHA UMA BOA COMUNICAÇÃO E ORGANIZAÇÃO(SELEÇÃO SOMENTE POR E-MAIL),http://www.sistemas-cro-rj.org.br/classificados/anuncio_view.php?id=57792
Rio de Janeiro,centro,Oportunidades de EMPREGO,clinica centro necessita dentista para atendimento em emergencia em horario comercial.Interessado enviar curriculum para contatosorrirdente@gmail.com,http://www.sistemas-cro-rj.org.br/classificados/anuncio_view.php?id=57793
Rio de Janeiro,Campo Grande,Oportunidades de EMPREGO,ENDODONTISTA para atendimento de plano e particular em clinica de bom padrão  com bastante movimento  dias a combinar. enviar email ou watsapp:991459156,http://www.sistemas-cro-rj.org.br/classificados/anuncio_view.php?id=57796
Rio de Janeiro,Campo Grande,Oportunidades de EMPREGO,CLINICO GERAL para atendimentos de planos e particular em clinica de bom padrão com bastante movimentointeressados enviar email ou watsapp:991459156,http://www.sistemas-cro-rj.org.br/classificados/anuncio_view.php?id=57797
Rio de Janeiro,Campo Grande,Oportunidades de EMPREGO,CLÍNICO GERAL/PROTESISTA/ORTODONTISTA/ODONTOPEDIATRA ==> Trabalho aos sábados de 08:00 às 14:00. Clínica em pavimento térreo (frente a Igreja de Santana/Estrada do Mendanha). Profissional que atenda como clínico geral e em sua especialidade.,http://www.sistemas-cro-rj.org.br/classificados/anuncio_view.php?id=57802
Rio de Janeiro,SANTA CRUZ,Oportunidades de EMPREGO,VAGA PARA DENTISTA ATUANDO EM PROTESE - FALAR COM MONALISA E JACQUELINE ,http://www.sistemas-cro-rj.org.br/classificados/anuncio_view.php?id=57803
Rio de Janeiro,Barra da Tijuca,Oportunidades de EMPREGO,Vaga para ASB (com CRO ativo) com experiência em toda a rotina de consultório para trabalhar de segunda à sexta-feira em consultório na Barra da Tijuca.Carteira assinada. Idade mínima de 35 anos.Currículo por email para nobiliodonto@gmail.com,http://www.sistemas-cro-rj.org.br/classificados/anuncio_view.php?id=57807
Rio de Janeiro,Centro,Oportunidades de EMPREGO,Preciso de clinico geral especialista em prótese com certificado favor enviar CV pra riodentists@gmail.com,http://www.sistemas-cro-rj.org.br/classificados/anuncio_view.php?id=57822
Rio de Janeiro,Maré ,Oportunidades de EMPREGO,Preciso de endodontista para atender em consultório na entrada da comunidade da Maré rua em frente à linha amarela sem perigo. Favor entre em contato ,http://www.sistemas-cro-rj.org.br/classificados/anuncio_view.php?id=57824
Rio de Janeiro,Madureira,Oportunidades de EMPREGO,Precisa-se de Endo com experiência em PLANOS E PARTICULARES para atendimento em clinica de bom padrão em MadureiraPOLO 1INICIO IMEDIATO. Enviar currículo por e-mail: consultoriodentinho@hotmail.com. ,http://www.sistemas-cro-rj.org.br/classificados/anuncio_view.php?id=57828
Rio de Janeiro,Copacabana ,Oportunidades de EMPREGO,Endodontista com especialidade e que faca clinica geral 1 x por semana  horario integralgarantimos um fixo  pontual e caprichosaENVIAR whatsapp p 987411658 ou enviar curriculo por email . NAO LIGAR P ESSE NUMEROobrigada,http://www.sistemas-cro-rj.org.br/classificados/anuncio_view.php?id=57829
Rio de Janeiro,Ilha do governador / Tijuca ,Oportunidades de EMPREGO,Vaga para assistente de clínica odontológica com experiência anterior comprovado em clínica popular . A pessoa será responsável por fazer o faturamento  telemarketing com paciente cobrança de metas e controle de materiais . Enviar curriculum e mail,http://www.sistemas-cro-rj.org.br/classificados/anuncio_view.php?id=57840
Rio de Janeiro,Ilha do governador ,Oportunidades de EMPREGO,Vaga da recepcionista de clínica odontológica com experiência anterior comprovada em clínica popular que esteja acostumada a trabalhar com metas . Interessados enviar curriculum para e mail . Salário + gratificação ,http://www.sistemas-cro-rj.org.br/classificados/anuncio_view.php?id=57841
Rio de Janeiro,Bonsucesso ,Oportunidades de EMPREGO,PRECISO PARA COMEÇO IMEDIATO DE CLÍNICO GERAL PARA TRABALHAR. TEL:98724-6972 ( celular e Whatsapp).,http://www.sistemas-cro-rj.org.br/classificados/anuncio_view.php?id=57843
Rio de Janeiro,Copacabana e Tijuca,Oportunidades de EMPREGO,Vaga para especialistas em prótese em clínicas de Copacabana e Tijuca. Favor enviar currículos por email.,http://www.sistemas-cro-rj.org.br/classificados/anuncio_view.php?id=57860
Rio de Janeiro,São Cristóvão ,Oportunidades de EMPREGO,Clínica de grande porte precisa de periodontista com experiência que possa atuar em São Cristóvão  ! Atendimentos de particular e convênios ! Interessados podem me chamar in box WhatsApp! Somente os que realmente preencherem as observações.,http://www.sistemas-cro-rj.org.br/classificados/anuncio_view.php?id=57864
Rio de Janeiro,São joão de meriti,Oportunidades de EMPREGO,vaga para endodontistacentro de são joão de meritiuma vez na semana particular e plano ,http://www.sistemas-cro-rj.org.br/classificados/anuncio_view.php?id=57868
Rio de Janeiro,Botafogo,Oportunidades de EMPREGO,Vaga para ortodontista em botafogo. Clinica nova com bastante movimento. Damos todo material. Favor enviar curriculo com dias disponíveis para o email draraquel.odcbotafogo@gmail.com ,http://www.sistemas-cro-rj.org.br/classificados/anuncio_view.php?id=57871
Rio de Janeiro,Botafogo,Oportunidades de EMPREGO,Contrata-se odontopediatra com experiencia para clinica com grande movimento em Botafogo. Favor enviar curriculo para draraquel.odcbotafogo@gmail.com . Favor escrever o dia disponivel.,http://www.sistemas-cro-rj.org.br/classificados/anuncio_view.php?id=57872
Rio de Janeiro,rocinha,Oportunidades de EMPREGO,Preciso de clinico geral para terça quarta e quinta. Somente pacientes particulares.inicio imediato! Falar com Marcia.,http://www.sistemas-cro-rj.org.br/classificados/anuncio_view.php?id=57875
Rio de Janeiro,Engenho Novo,Oportunidades de EMPREGO, Precisa -  clínicos protesistasendodontistas ortodontistas odontopediatra cirurgia oral menor periodontistas.Com experiência para compor a nossa equipe odontocompany engenho novo. ligar 970410362. Dr.Rosangela  ,http://www.sistemas-cro-rj.org.br/classificados/anuncio_view.php?id=57886
Rio de Janeiro,MADUREIRA,Oportunidades de EMPREGO,PRECISA-SE DE ORTODONTISTA.CLÍNICA DE GRANDE PORTE. ,http://www.sistemas-cro-rj.org.br/classificados/anuncio_view.php?id=58058
Rio de Janeiro,Campo Grande ,Oportunidades de EMPREGO,Preciso com urgência de endodontista para trabalhar 1x por semana no calçadão de Campo Grande ( não é clínica popular) Dia a combinar. Entrar em contato com Dra Natália pelo WhatsApp (24) 981404049,http://www.sistemas-cro-rj.org.br/classificados/anuncio_view.php?id=57946
Rio de Janeiro,COPACABANA,Oportunidades de EMPREGO,CLÍNICA ODONTOCOMPANY COPACABANA PRECISA DE ODONTOPEDIATRA COM EXPERIÊNCIA.PREFERÊNCIA PARA QUEM JÁ TENHA OU TRABALHE EM ODONTOCOMPANY.,http://www.sistemas-cro-rj.org.br/classificados/anuncio_view.php?id=58057
Rio de Janeiro,Madureira,Oportunidades de EMPREGO,Buscamos CD com atuação clínica disponibilidade de ao menos 3 turnos semanais empatia boa comunicação vontade de aprender e crescer são fundamentais. CV pelo e-mail.,http://www.sistemas-cro-rj.org.br/classificados/anuncio_view.php?id=57905
Rio de Janeiro,CAMPO GRANDE,Oportunidades de EMPREGO,CLINICO GERAL para atendimentos particular em clinica de médio padrão no calçadão interessados enviar email pablotavaresfernandes@hotmail.com ou watsapp: 21 968450182,http://www.sistemas-cro-rj.org.br/classificados/anuncio_view.php?id=57906
Rio de Janeiro,Vila da Penha,Oportunidades de EMPREGO,                                           VAGAS:ASB-1 Vaga com experiencia comprovada.Recepcionista-1 Vaga com experiencia comprovada.(Em redes odontológicas/convênios e metas.,http://www.sistemas-cro-rj.org.br/classificados/anuncio_view.php?id=57914
Rio de Janeiro,São Cristóvão,Oportunidades de EMPREGO,Preciso de uma oportunidade de empreg. tenho experiência sou pontual tenho noção com recepção etc.q seja 3 dia na semana ou 2fa6f 9hs as 18hs não trabalho sábado.,http://www.sistemas-cro-rj.org.br/classificados/anuncio_view.php?id=57918
Rio de Janeiro,Itanhangá ,Oportunidades de EMPREGO,Dentista para trabalhar as 4FS E SÁBADOS em clinica na Muzema e Tijuquinha que NÃO seja recem formado.Favor entrar em  contato exclusivamente pelo Whatsapp. Sabrina 992031464Aline 988443874,http://www.sistemas-cro-rj.org.br/classificados/anuncio_view.php?id=57921
Rio de Janeiro,CAMPO GRANDE,Oportunidades de EMPREGO,PROCURO ENDODONTISTA PARA TRABALHAR COM PARTICULAR E CONVÊNIOS CLINICA  EM CAMPO GRANDE. OS INTERESSADOS ENVIAR O CV PELO EMAIL: ORTHOOMEGA1@GMAIL.COM,http://www.sistemas-cro-rj.org.br/classificados/anuncio_view.php?id=57922
Rio de Janeiro,Campo grande,Oportunidades de EMPREGO,Atuante na área da saúde bucal realizando a esterilização de utensílios cirúrgicos atendimento ao cliente cadastro e atualização de cadastro de cliente. Estou disponível e precisando muito será meu primeiro emprego,http://www.sistemas-cro-rj.org.br/classificados/anuncio_view.php?id=57930
Rio de Janeiro,Vila da penha,Oportunidades de EMPREGO,Procuro dentista com experiência comprovada em prótese dentária para convênios e particulares. Para trabalhar na Vila da Penha. Horário a combinar ,http://www.sistemas-cro-rj.org.br/classificados/anuncio_view.php?id=57962
Rio de Janeiro,Ilha do Governador,Oportunidades de EMPREGO,Oportunidades : Clínica na Ilha do Governador está selecionando para início imediato dentistas e Recepcionistas.Dentistas para todas as áreas de atuaçoes com experiências. Contato pe Watzapp . Favor deixar seu currículo,http://www.sistemas-cro-rj.org.br/classificados/anuncio_view.php?id=57971
Rio de Janeiro,Ilha do Governador,Oportunidades de EMPREGO,Clínica Odontológica contrata para início imediato ASB e Recepcionistas com experiência em planos de saúde e toda rotina ,http://www.sistemas-cro-rj.org.br/classificados/anuncio_view.php?id=57972
Rio de Janeiro,Realengo,Oportunidades de EMPREGO,Oportunidade para CLÍNICO-GERAL E PROTESISTA clínica em Bangu com ótima estrutura física e profissionais de apoio trabalhamos com convênios e particular. Currículos por email notificando os dias disponíveis para: fatima.costa.jc@gmail.com ,http://www.sistemas-cro-rj.org.br/classificados/anuncio_view.php?id=57976
Rio de Janeiro,Vila Valqueire,Oportunidades de EMPREGO,Endodontista com mais de 03 anos de graduação. Clínica em Vila Valqueire horários a combinar.  Início imediato. Enviar Curriculum Vitae para o e-mail odontocrivel@gmail.com  ,http://www.sistemas-cro-rj.org.br/classificados/anuncio_view.php?id=57980
Rio de Janeiro,Ilha do Governador,Oportunidades de EMPREGO,Clínica particular na Ilha do Governador procura Clínico Geral. Dias e horários a combinar. Enviar currículo para o e-mail que consta no anúncio.,http://www.sistemas-cro-rj.org.br/classificados/anuncio_view.php?id=57983
Rio de Janeiro,Tijuca,Oportunidades de EMPREGO,CLÍNICO E ESPECIALISTA.CLÍNICA PARTICULAR.DE 2 A 8 ANOS DE FORMADO.EXCELENTE RELACIONAMENTO INTERPESSOAL.PROATIVO.VONTADE DE APRENDER E CRESCER COM A EMPRESA SÃO ESSENCIAIS.CV PARA O E-MAIL. CONTATO SÓ POR WHATSAPP.,http://www.sistemas-cro-rj.org.br/classificados/anuncio_view.php?id=57990
Rio de Janeiro,Ilha do Governador,Oportunidades de EMPREGO,Tenho vaga todos os dias para ortodontistas ou para quem tem atualização em ortodontia com experiência.Clínica com 15 anos e excelência em ortodontia autoligável.Cel 985016489 ou e-mail fabianorez@gmail.com.,http://www.sistemas-cro-rj.org.br/classificados/anuncio_view.php?id=57991
Rio de Janeiro,Méier ,Oportunidades de EMPREGO,Vaga para Asb apenas com experiência em auxiliar cirurgiaimplantes e componentes. Trabalhar 4 dias Méier e 2 dias em Campo Grande. Apenas com experiência enviar currículo para 983703366.Carlos.,http://www.sistemas-cro-rj.org.br/classificados/anuncio_view.php?id=57995
Rio de Janeiro,CENTRO,Oportunidades de EMPREGO,ENDODONTISTA para atendimento a convênios e particulares. Clínica fundada há mais de 10 anos com grande volume de pacientes. ,http://www.sistemas-cro-rj.org.br/classificados/anuncio_view.php?id=57996
Rio de Janeiro,Rocinha,Oportunidades de EMPREGO,Clínica Odontológica SORRIA ROCINHA na Estrada da Gávea próxima Via Ápia dispõe de horários para Clínicos Gerais e Endodontista.Horários disponíveis para início imediato.,http://www.sistemas-cro-rj.org.br/classificados/anuncio_view.php?id=57997
Rio de Janeiro,Todos,Oportunidades de EMPREGO,Busco oportunidade para ASB freelance tenho bastante experiência na área sou ágil no desempenho da minha função organizada e com iniciativa. Com disponibilidade de horário.,http://www.sistemas-cro-rj.org.br/classificados/anuncio_view.php?id=58053
Rio de Janeiro,Barra da Tijuca,Oportunidades de EMPREGO,Vaga para Ortodontista para 1 dia por mês na unidade da Barra da Tijuca.Contato WhatsApp: (21) 98121-5495,http://www.sistemas-cro-rj.org.br/classificados/anuncio_view.php?id=58000
Rio de Janeiro,Jacarepagua,Oportunidades de EMPREGO,Clínica Iluminart Odontologia na Freguesia contrata Auxiliar de Saúde Bucal para compor a nossa equipe. Pré requisito: Ter experiência em clínica odontológica. Por favor enviar o currículo por e-mail com foto para seleção. Contrato imediato,http://www.sistemas-cro-rj.org.br/classificados/anuncio_view.php?id=58052
Rio de Janeiro,Barra da Tijuca,Oportunidades de EMPREGO,Precisa de ASB com experiência em atendimento ao público atuando na recepção e solicitações junto aos convênios para consultório Médico-Odontológico na Barra da Tijuca.Favor enviar o currículo para o e-mail.,http://www.sistemas-cro-rj.org.br/classificados/anuncio_view.php?id=58007
Rio de Janeiro,BARRA DA TIJUCA,Oportunidades de EMPREGO,Precisamos de ASB com experiência e disponibilidade de horário para trabalhar em clínica na Barra da Tijuca.Encaminhar currículo se possível com foto para odontosupreme@gmail.com.,http://www.sistemas-cro-rj.org.br/classificados/anuncio_view.php?id=58005
Rio de Janeiro,Barra da Tijuca,Oportunidades de EMPREGO,Precisa-se de ENDODONTISTA especialista com título para atendimentos particulares e de convênios em consultório de alto padrão na Barra da Tijuca.Honorários a combinar.,http://www.sistemas-cro-rj.org.br/classificados/anuncio_view.php?id=58008
Rio de Janeiro,Ipanema,Oportunidades de EMPREGO,Epecialista em ENDODONTIA com experiênciacapricho e pontualidadee que também realize alguns trabalhos de clínica geral para parceria em consultório em Ipanema.Curriculum por Whatsapp 21 98701-8200 ou e-mail: valsanna@ig.com.br (não ligar).,http://www.sistemas-cro-rj.org.br/classificados/anuncio_view.php?id=58019
Rio de Janeiro,Dell Castilho  Jacarezinho,Oportunidades de EMPREGO,Endodontista ortodontistaclínico geral e protético com experiência. Atendimento somente particular. Ótimo movimento.Tel :3297-0424 / 99026-0024 ou currículo por e-mail .,http://www.sistemas-cro-rj.org.br/classificados/anuncio_view.php?id=58023
Rio de Janeiro,IRAJA,Oportunidades de EMPREGO,Precisa-se de ORTODONTISTA ESPECIALISTA técnica Edgewise para trabalhar um ou mais dias na semana e que seja invisalign Doctor. Inicio imediato. ,http://www.sistemas-cro-rj.org.br/classificados/anuncio_view.php?id=58024
Rio de Janeiro,RIO COMPRIDO,Oportunidades de EMPREGO,CLÍNICA no RIO COMPRIDO CONTRATA CLÍNICO GERAL COM PELO MENOS 2 ANOS DE EXPERIÊNCIA EM DENTÍSTICA PRÓTESE E CIRURGIA P TRABALHAR  NAS QUINTAS-FEIRAS.INTERESSADOS ENVIAR CURRÍCULO P : siqueiraorto@hotmail.com,http://www.sistemas-cro-rj.org.br/classificados/anuncio_view.php?id=58025
Rio de Janeiro,VILA  DA PENHA,Oportunidades de EMPREGO,CONTRATA-SE CLÍNICO GERAL PARA ÀS SEGUNDAS-FEIRAS. CLÍNICA RECÉM INAUGURADA LOCALIZADA NA VILA DA PENHA.,http://www.sistemas-cro-rj.org.br/classificados/anuncio_view.php?id=58028
Rio de Janeiro,Freguesia - JPA,Oportunidades de EMPREGO,Vaga para ENDODONTISTA para atendimento de plano amil e particular. atendimentos todas às terças-feiras.Favor enviar currículo por e-mail.,http://www.sistemas-cro-rj.org.br/classificados/anuncio_view.php?id=58038
Rio de Janeiro,Del castilho,Oportunidades de EMPREGO,Clínica necessita ASB com experiência em recepção; convênios.Interesssada enviar cv contatosorridente @ gmail.com,http://www.sistemas-cro-rj.org.br/classificados/anuncio_view.php?id=58039
Rio de Janeiro,curicica-jacarepagua,Oportunidades de EMPREGO,ENDODONTISTA-ofereço oportunidade às quartas-feiras para atendimento a pacientes particulares e convêniosdamos todo material básico.Consultório na Curicica/JPA. Enviar CV:dralianagvmoraes@gmail.com (987533272),http://www.sistemas-cro-rj.org.br/classificados/anuncio_view.php?id=58040
Rio de Janeiro,Campo Grande ,Oportunidades de EMPREGO,ENDODONTISTA para clínica multidisciplinaralto padrãono calçadão de Campo Grande23 anos de mercado.Currículo com disponibilidade de horário para cv.dentista@ig.com.br ou por WhatsApp (21)99985-6860,http://www.sistemas-cro-rj.org.br/classificados/anuncio_view.php?id=58042
Rio de Janeiro,Barra da Tijuca ,Oportunidades de EMPREGO,Buco-maxilo-facial início  imediato.Consultório na Avenida Embaixador Abelardo Bueno 1 ,http://www.sistemas-cro-rj.org.br/classificados/anuncio_view.php?id=58043
Rio de Janeiro,Barra da Tijuca ,Oportunidades de EMPREGO,Endodontista qq dia da semana consultório Avenida Embaixador Abelardo Bueno 1 ,http://www.sistemas-cro-rj.org.br/classificados/anuncio_view.php?id=58044
Rio de Janeiro,Recreio dos Bandeirantes ,Oportunidades de EMPREGO,Prescisa-se de ASB. Enviar CURRÍCULO POR E-MAIL.giseleportelanascimento@gmail.com ,http://www.sistemas-cro-rj.org.br/classificados/anuncio_view.php?id=58047
Rio de Janeiro,Maré ,Oportunidades de EMPREGO,Preciso de clínico geral para trabalhar 3 x na semana em clínica localizada na entrada da comunidade da Mare rua tranquila em frente à linha amarela...Não trabalhamos com plano... Interessados entrar em contato via WhatsApp 96444-3835,http://www.sistemas-cro-rj.org.br/classificados/anuncio_view.php?id=58048
Rio de Janeiro,Penha,Oportunidades de EMPREGO,Seleção para Clínico Geral para dia de segunda-feira. Enviar currículo: sorriamaisrio@gmail.com,http://www.sistemas-cro-rj.org.br/classificados/anuncio_view.php?id=58050
Rio de Janeiro,Bonsucesso ,Oportunidades de EMPREGO,Oportunidade de emprego(preferência recém formado)possibilidades de adquirir grande experiência.Clínica com mais de 15 anos no melhor ponto de Bonsucessocom grande movimento de pacientes.,http://www.sistemas-cro-rj.org.br/classificados/anuncio_view.php?id=58060
Rio de Janeiro,Centro,Oportunidades de EMPREGO,Procuro recepcionista com experiência em convênios  faturamento de seg/sexta e que resida pelas adjacências...Enviar currículo,http://www.sistemas-cro-rj.org.br/classificados/anuncio_view.php?id=58064
Rio de Janeiro,Realengo,Oportunidades de EMPREGO,Vaga para clínico geral - terça quintas e sextas - 8h às 17h - Atendimento plano e particular.,http://www.sistemas-cro-rj.org.br/classificados/anuncio_view.php?id=58070
Rio de Janeiro,Barra da Tijuca,Oportunidades de EMPREGO,ASB com registro e experiência para toda rotina de clínica de especialidades na Barra. Preferência morar Barra e adjacências. Enviar curriculum com o título ASB no campo assunto e o curriculum no corpo do e-mail (não mandar anexo).,http://www.sistemas-cro-rj.org.br/classificados/anuncio_view.php?id=58075
Rio de Janeiro,Vila Valqueire,Oportunidades de EMPREGO,Especialista em Periodontia com no mínimo 3 anos de especialização e que possa fazer cirurgias e exodontia. Clínica em Vila Valqueire. Interessados por favor enviar currículo para odondocrivel@gmail.com ,http://www.sistemas-cro-rj.org.br/classificados/anuncio_view.php?id=58076
Rio de Janeiro,Vila Valqueire,Oportunidades de EMPREGO,Clínico Geral com no mínimo 5 anos de formação com experiência em atender particular e convênios. Clínica em Vila Valqueire. Interessados por favor enviar currículo para odontocrivel@gmail.com ,http://www.sistemas-cro-rj.org.br/classificados/anuncio_view.php?id=58077
Rio de Janeiro,Vila Valqueire,Oportunidades de EMPREGO,Especialista em Endodontia com no mínimo 3 anos de especialização. Clínica em Vila Valqueire. Interessados por favor enviar currículo para odontocrivel@gmail.com ,http://www.sistemas-cro-rj.org.br/classificados/anuncio_view.php?id=58078
Rio de Janeiro,Barra da Tijuca,Oportunidades de EMPREGO,Procuro ASB com experiência em atendimento de consultório particular com CRO-RJ ativo e disponível para trabalhar 40 horas semanais em consultório na Barra da Tijuca.Enviar currículo para o e-mail dracarolina@odontosite.com.br; apenas por e-mail.,http://www.sistemas-cro-rj.org.br/classificados/anuncio_view.php?id=58079
Rio de Janeiro,Tijuca,Oportunidades de EMPREGO,Precisa de ASB para atuação em recepção e solicitações junto aos convênios para consultório na Tijuca. Incialmente 2x por semana. Favor enviar whats 992521545.,http://www.sistemas-cro-rj.org.br/classificados/anuncio_view.php?id=58082
Rio de Janeiro,Vila Valqueire ,Oportunidades de EMPREGO,Procuro ASB para trabalhar em consultório dentário no Bairro do Valqueire.Favor entrar em contato via whatts app.,http://www.sistemas-cro-rj.org.br/classificados/anuncio_view.php?id=58116
Rio de Janeiro,Campo grande ,Oportunidades de EMPREGO,Odontopediatra para clínica no calçadão de Campo Grande Dias a combinar ,http://www.sistemas-cro-rj.org.br/classificados/anuncio_view.php?id=58117
Rio de Janeiro,Jacarepagua,Oportunidades de EMPREGO,Vaga para recepcionista em clínica dentáriaAPENAS PARA RESIDÊNCIA NA REGIÃO DE JACAREPAGUÁ e com experiência em consultório dentário .Enviar currículo para vagaconsultoriocdd@gmail.com ,http://www.sistemas-cro-rj.org.br/classificados/anuncio_view.php?id=58118
Rio de Janeiro,VILA  DA PENHA,Oportunidades de EMPREGO,CLÍNICA SOLIDARIS CONTRATA CL8NICO GERAL E ORTODONTISTA.,http://www.sistemas-cro-rj.org.br/classificados/anuncio_view.php?id=58121
Rio de Janeiro,Copacabana,Oportunidades de EMPREGO,Precisa-se de clínico geral e especialista para clínica bem localizada em Copacabana. Horário integral ou dias alternados. Falar com Bruna ou Bianca   2235.2239 ou 98886.6000,http://www.sistemas-cro-rj.org.br/classificados/anuncio_view.php?id=58125
Rio de Janeiro,Santa cruz,Oportunidades de EMPREGO,Oportunidade para Ortodontista - Clínica em Santa Cruz. Interessados enviar currículo para carlosalbertojunior87@gmail.com,http://www.sistemas-cro-rj.org.br/classificados/anuncio_view.php?id=58126
Rio de Janeiro,Pedra de Guaratiba ,Oportunidades de EMPREGO,Vaga para Especialista em Endodontia às quartas-feiras das 13:00 às 20:30 h Enviar currículo para orthobarra@gmail.com,http://www.sistemas-cro-rj.org.br/classificados/anuncio_view.php?id=58132
Rio de Janeiro,Centro ,Oportunidades de EMPREGO,Procuro Secretária para trabalhar próximo ao metrô da carioca. Que seja simpática goste de conversarseja organizadacompetitivatenha experiência em marketing digital e operadora de telemarketing.Queira crescer com a empresa.Currículo email somente,http://www.sistemas-cro-rj.org.br/classificados/anuncio_view.php?id=58138
Rio de Janeiro,Campo Grande Barra da Tijuca e Recreio,Oportunidades de EMPREGO,Chamo-me Julianatenho 28 anos e estou a procura de uma oportunidade na área de ASB. Possuo CRO-RJ ativo tenho experiência em consultório e toda a sua rotina. Tenho disponibilidade total de horário moro em campo grande e tenho fácil acesso a barra.,http://www.sistemas-cro-rj.org.br/classificados/anuncio_view.php?id=58145
Rio de Janeiro,Centro,Oportunidades de EMPREGO,Clínica necessita de implantodontista e protesista com experiência.Interessados enviar curriculum contatosorrirdente@gmail.com,http://www.sistemas-cro-rj.org.br/classificados/anuncio_view.php?id=58150
Rio de Janeiro,RIO COMPRIDO,Oportunidades de EMPREGO,CLÍNICA DE BOM NIVEL PROCURA CD PARA TRABALHAR QUE ALÉM DE CLÍNICO GERAL TAMBÉM TENHA EXPERIÊNCIA EM PRÓTESE (podendo ou não ser especialista).INTERESSADOS FAVOR ENVIAR CURRÍCULO POR E-MAIL PARA AVALIAÇÃO,http://www.sistemas-cro-rj.org.br/classificados/anuncio_view.php?id=58151
Rio de Janeiro,MANGUEIRA E MANGUINHOS,Oportunidades de EMPREGO,Precisa-se de ortodontista para trabalhar nas comunidades de Mangueira e Manguinhos.TPD 3960,http://www.sistemas-cro-rj.org.br/classificados/anuncio_view.php?id=58156
Rio de Janeiro,Campo grande,Oportunidades de EMPREGO,Vaga para clínico geral em clínica localizada no centro de Campo Grande. Somente atendimento particular dias a combinar. Tratar pelo zap 21 984264443,http://www.sistemas-cro-rj.org.br/classificados/anuncio_view.php?id=58157
Rio de Janeiro,Campo Grande,Oportunidades de EMPREGO,ORTODONTISTA para clínica multidisciplinaralto padrão no calçadão de Campo Grande23 anos de mercado. Pacientes de ortodontia já iniciados.Currículo com disponibilidade de horário p/ cv.dentista@ig.com.br ou WhatsApp 99985-6860,http://www.sistemas-cro-rj.org.br/classificados/anuncio_view.php?id=58158
Rio de Janeiro,Madureira,Oportunidades de EMPREGO,Recepcionista que atue também como ASB.Imprescindível possuir CRO-RJ ativo e experiência em toda rotina de planos odontológicos (solicitação de gto clínico e especilista fechamento e faturamento). Enviar currículo apenas candidatas dentro do perfil,http://www.sistemas-cro-rj.org.br/classificados/anuncio_view.php?id=58160
Rio de Janeiro,Recreio dos Bandeirantes,Oportunidades de EMPREGO,Precisa -se de secretária com curso de ASB para consultório no Recreiocom experiência e boa desenvoltura.Tem que morar próximo.Curriculum por Whatsapp. Dra Fernanda,http://www.sistemas-cro-rj.org.br/classificados/anuncio_view.php?id=58164
Rio de Janeiro,COPACABANA,Oportunidades de EMPREGO,CLÍNICA DE GRANDE PORTE CONTRATA ASB COM  EXPERIÊNCIA EM AUXILIAR  ORTODONTISTA E IMPLANTODONTISTA COM CRO-RJ ATIVO.,http://www.sistemas-cro-rj.org.br/classificados/anuncio_view.php?id=58189
Rio de Janeiro,Campo Grande,Oportunidades de EMPREGO,CLÍNICO GERAL para Clínica Multidisciplinar alto padrão com grande movimento no calçadão de Campo Grande. 23 anos de mercado. Currículo com disponibilidade de horário para: cv.dentista@ig.com.br ou whatsapp 99985-6860,http://www.sistemas-cro-rj.org.br/classificados/anuncio_view.php?id=58190
Rio de Janeiro,Iraja,Oportunidades de EMPREGO,Excelente oportunidade para ortodontista trabalhar dois dias na semana.Início em julhointeressados enviar currículo por e-mail ,http://www.sistemas-cro-rj.org.br/classificados/anuncio_view.php?id=58191
Rio de Janeiro,Vicente de carvalho,Oportunidades de EMPREGO,Excelente oportunidade para CLÍNICO GERAL que esteja cursando ortodontia . Interessados enviar currículo por e-mail,http://www.sistemas-cro-rj.org.br/classificados/anuncio_view.php?id=58199
Rio de Janeiro,Copacabana ,Oportunidades de EMPREGO,Precisa-se de Clínico geral paracopacabanapontual e atencioso . 1x por semanasegunda ou terca ou quinta-feira. Enviar currículopara whatsapp 987411658 ou para nosso e-mail. Nao ligar para esse número.,http://www.sistemas-cro-rj.org.br/classificados/anuncio_view.php?id=58202
Rio de Janeiro,Campo Grande,Oportunidades de EMPREGO,CLÍNICO GERALENDODONTISTA E PERIODONTISTA Clínica no centro de Campo Grande contrata para atendimento particular e convênios (somente clínica geral).Favor enviar curriculum com dias disponíveis para primeodonto@globo.com.,http://www.sistemas-cro-rj.org.br/classificados/anuncio_view.php?id=58206
Rio de Janeiro,CAMPO GRANDE,Oportunidades de EMPREGO,Vaga para Dentista em clínica de grande porte e movimento. Necessário ter experiência. Interessados enviar currículo por e-mail.Após análise de currículo chamaremos para processo seletivo. ,http://www.sistemas-cro-rj.org.br/classificados/anuncio_view.php?id=58207
Rio de Janeiro,Campo Grande,Oportunidades de EMPREGO,ORTODONTISTA Clínica no centro de Campo Grande contrata para atendimento particular e convênios.Grande demanda.Favor enviar curriculum com dias disponíveis para primeodonto@globo.com.,http://www.sistemas-cro-rj.org.br/classificados/anuncio_view.php?id=58213
Rio de Janeiro,Madureira,Oportunidades de EMPREGO,Vaga para ortodontista que também atenda clínico geral para madureira paticular e convênios dias a combinarplantão de 12 horasenviar currículo para adm.mirandaetorrico@gmail.com,http://www.sistemas-cro-rj.org.br/classificados/anuncio_view.php?id=58216
Rio de Janeiro,Campo Grande,Oportunidades de EMPREGO,Preciso de TPD para trabalhar em consultório dentário com experiência em encerramento .,http://www.sistemas-cro-rj.org.br/classificados/anuncio_view.php?id=58227
Rio de Janeiro,TODOS,Oportunidades de EMPREGO,SOU ASB FORMADA HÁ 10 ANOS EXPERIÊNCIA EM CLÍNICAS PARTICULARES E CONSULTÓRIOS. AUXÍLIO EM TODAS AS ESPECIALIDADES CIRURGIAS DE GRANDE PORTE E BUSCO UMA OPORTUNIDADE DE EMPREGO DE SEGUNDA A SEXTA-FEIRA.OBRIGADA,http://www.sistemas-cro-rj.org.br/classificados/anuncio_view.php?id=58225
Rio de Janeiro,São Cristóvão ,Oportunidades de EMPREGO,Empresa grande porte seleciona PERIODONTISTA para atendimento planos e particular .Interessados falar direto WhatsApp 21 99952-3700,http://www.sistemas-cro-rj.org.br/classificados/anuncio_view.php?id=58228
Rio de Janeiro,Campo Grande,Oportunidades de EMPREGO,ASB com experiência em recepção autorização e convênios.Clínica no Calçadão de Campo Grande disponibilidade para Segunda-feira a Sábado.Currículo para cv.dentista@ig.com.br ou para o Whatsapp 99802-0439.,http://www.sistemas-cro-rj.org.br/classificados/anuncio_view.php?id=58230
Rio de Janeiro,zona sul norte oeste,Oportunidades de EMPREGO,Precisamos de Ortodontista contato somente por e-mail com o currículo enviado.,http://www.sistemas-cro-rj.org.br/classificados/anuncio_view.php?id=58233
Rio de Janeiro,Centro do rio madureiratijuca,Oportunidades de EMPREGO,Sou ASB formada há 16 anosestou em busca de uma nova oportunidade de empregopodendo ser freelancer ou efetivo!,http://www.sistemas-cro-rj.org.br/classificados/anuncio_view.php?id=58309
Rio de Janeiro,Freguesia /Jacarepaguá,Oportunidades de EMPREGO,Preciso clínico geral com bastante experiência em exodontias e próteses p/ clínica na Freguesia de grande movimento às quartas-feiras e sábados.Currículo p/ cdadentistas@hotmail.com ,http://www.sistemas-cro-rj.org.br/classificados/anuncio_view.php?id=58240
Rio de Janeiro,Freguesia/ Jacarepaguá,Oportunidades de EMPREGO,ASB ou TSB para clínica na Freguesia que atende todas as especialidades.Dias e horários a combinar.Currículo p/ cdadentistas@hotmail.com,http://www.sistemas-cro-rj.org.br/classificados/anuncio_view.php?id=58241
Rio de Janeiro,Centro,Oportunidades de EMPREGO,ASB- CLÍNICA CENTRO NECESSITA ASB COM DISPONIBILIDADE QUE MORE PERTO. EXIGÊNCIA QUE ENTENDA DE CONVÊNIOS.INTERESSADA ENVIAR CV PARA CONTATOSORRIRDENTE@GMAIL.COM,http://www.sistemas-cro-rj.org.br/classificados/anuncio_view.php?id=58244
Rio de Janeiro,Campo grande,Oportunidades de EMPREGO,BUCO-MAXILO para clínica multidisciplinarde grande movimentono Calçadão de Campo Grande.Alto padrão 23 anos de mercado. Currículo com disponibilidade de horário para cv.dentista@ig.com.br ou whatsapp 99985-6860,http://www.sistemas-cro-rj.org.br/classificados/anuncio_view.php?id=58249
Rio de Janeiro,Barra da Tijuca,Oportunidades de EMPREGO,VAGA PARA RECEPCIONISTA DE CLÍNICA DENTÁRIA NA BARRA DA TIJUCAHORÁRIO DE SEG.A SEXTA DE 9H A 12H E 14H ÀS 19H E AOS SÁBADOS DE 9H A 12HCLT VT VR. MORAR PRÓXIMO COM EXPERIÊNCIA ENVIAR CURRÍCULO COM FOTO PARA:CONTATO@CDENTALCENTER.COM.BR,http://www.sistemas-cro-rj.org.br/classificados/anuncio_view.php?id=58253
Rio de Janeiro,Centro,Oportunidades de EMPREGO,GERENTE/Dentista para Clínica de grande portecom experiência comprovadatrês vezes na semana nos bairros Centro Barra da Tijuca e São Cristóvão contato whatsapp 96499-9321 ,http://www.sistemas-cro-rj.org.br/classificados/anuncio_view.php?id=58266
Rio de Janeiro,Centro,Oportunidades de EMPREGO,GERENTE/Dentista para Clínica de grande portecom experiência comprovadatrês vezes na semana nos bairros Centro Barra da Tijuca e São Cristóvão contato whatsapp 96499-9321 ,http://www.sistemas-cro-rj.org.br/classificados/anuncio_view.php?id=58267
Rio de Janeiro,VILA VALQUEIRE,Oportunidades de EMPREGO,ORTODONTISTA ESPECIALISTA PARA ATENDIMENTO EM CLÍNICA NO BAIRRO DE VILA VALQUEIRE LIGAR PARA AGENDAR ENTREVISTA PELO TELEFONE 2453 4613. TRATAR COM POLIANA,http://www.sistemas-cro-rj.org.br/classificados/anuncio_view.php?id=58308
Rio de Janeiro,Taquara e Bangu,Oportunidades de EMPREGO,OPORTUNIDADEinclusive para recém formados. Clínica de grande movimento. (21) 3159-3354 falar Com Nislayne envie o seu currículo para dentistas10@gmail.com ,http://www.sistemas-cro-rj.org.br/classificados/anuncio_view.php?id=58272
Rio de Janeiro,VILA VALQUEIRE,Oportunidades de EMPREGO,ASSISTENTE COMERCIAL - SEXO FEM24 A 34 ANOS COMUNICATIVAGOSTAR DE METASBOM PORTUGUÊS CONHECER FACEBOO LIGAR PARA AGENDAR ENTREVISTA. TRATAR COM POLIANA TELEFONE 2453 4613,http://www.sistemas-cro-rj.org.br/classificados/anuncio_view.php?id=58307
Rio de Janeiro,São Cristóvão,Oportunidades de EMPREGO,Precisa-se dentista clínico de preferência com experiência em extração buco e ortodontista para clínica dentária em funcionamento há 48 anos em São Cristóvão. Contato email: icrm@outlook.com ou 2580-9345 horário comercial.,http://www.sistemas-cro-rj.org.br/classificados/anuncio_view.php?id=58282
Rio de Janeiro,Vila da Penha,Oportunidades de EMPREGO,Clínico geral para trabalhar na Vila da Penha atender convênios e particularclínica com movimento bom.Oportunidade de fazer prótese particular. ,http://www.sistemas-cro-rj.org.br/classificados/anuncio_view.php?id=58284
Rio de Janeiro,Madureira ,Oportunidades de EMPREGO,Oportunidade de emprego para Clínico Geral. Consultório em Madureiratrabalhamos com Particular e Convênio. Para mais informaçõesWhatsApp (21) 97922-2424,http://www.sistemas-cro-rj.org.br/classificados/anuncio_view.php?id=58286
Rio de Janeiro,Madureira ,Oportunidades de EMPREGO,Oportunidade de emprego para Endodontista.Consultório em Madureiratrabalhamos com Particular e Convênio.Para mais informações WhatsApp (21) 97922-2424,http://www.sistemas-cro-rj.org.br/classificados/anuncio_view.php?id=58287
Rio de Janeiro,Olaria,Oportunidades de EMPREGO,Somos uma clínica de padrão e estamos contratando cirurgiões -dentistas.Horário a combinar.Tratar com Dr. Paulo Pinna,http://www.sistemas-cro-rj.org.br/classificados/anuncio_view.php?id=58289
Rio de Janeiro,VILA  DA PENHA,Oportunidades de EMPREGO,CLÍNICA SOLIDARIS CONTRATA RECEPCIONISTA COM EXPERIÊNCIA.,http://www.sistemas-cro-rj.org.br/classificados/anuncio_view.php?id=58302
Rio de Janeiro,Barra da Tijuca,Oportunidades de EMPREGO,Precisamos de Auxiliares de Saúde Bucal(ASB)para fazer parte da nossa Equipecom vontade de aprendertenha experiência em auxiliar cirurgiasprótese.Por favor enviar  curriculum por e-mail(a seleção será feita somente através do curriculum enviado,http://www.sistemas-cro-rj.org.br/classificados/anuncio_view.php?id=58303
Rio de Janeiro,zona sul,Oportunidades de EMPREGO,Contratamos Recepcionista com excelente postura profissional para administrar a recepção de preferência com experiência simpática proativa e pontual.,http://www.sistemas-cro-rj.org.br/classificados/anuncio_view.php?id=58315
Rio de Janeiro,Ilha,Oportunidades de EMPREGO,Contratamos ASB para organizar e executar atividades de higiene bucal auxiliar dentistas em procedimentos cirúrgicos e clínicos; e conservar e realizar a manutenção dos equipamentos e materiais odontológicos.,http://www.sistemas-cro-rj.org.br/classificados/anuncio_view.php?id=58316
Rio de Janeiro,Inhoaiba,Oportunidades de EMPREGO,Quero uma oportunidade de emprego não tenho experiência na área mas aprendo rápidosou pontual e muito responsávelpreciso apenas que alguém me dê uma oportunidade.,http://www.sistemas-cro-rj.org.br/classificados/anuncio_view.php?id=58317
Rio de Janeiro,Leblon,Oportunidades de EMPREGO,PRECISA-SE DE ENDODONTISTA PARA PLANTÃO NO LEBLONSEGUNDA-FEIRA OU SÁBADO MEIO PERÍODO... ATENDER PLANOS TAMBÉM,http://www.sistemas-cro-rj.org.br/classificados/anuncio_view.php?id=58322
Rio de Janeiro,Barra da Tijuca ,Oportunidades de EMPREGO,Clínica de Alto Padrão na Barra da Tijuca oferece grande oportunidade para CDs que possuem carteira de paciente mas não tem mais onde atender. Informações Zap (21) 98089-0708 (Daniel ,http://www.sistemas-cro-rj.org.br/classificados/anuncio_view.php?id=58324
Rio de Janeiro,Tijuca,Oportunidades de EMPREGO,Procuro Endodontista com experiência em planos e particulares com mais de 5 anos de formação na especialidade.Contato e-mail.,http://www.sistemas-cro-rj.org.br/classificados/anuncio_view.php?id=58326
Rio de Janeiro,Tijuca,Oportunidades de EMPREGO,Procuro buco-maxilo-facial com experiência em planos e particulares com mais de 5 anos de formação na especialidade.Contato e-mail.,http://www.sistemas-cro-rj.org.br/classificados/anuncio_view.php?id=58327
Rio de Janeiro,Del Castilho / Centro / Tijuca / Barra,Oportunidades de EMPREGO,Dentista - Clínico geralEndodontistaProtesista.Atendimento particular e convênio. 1 ou mais dias da semana.Mínimo 2 anos de experiência.Enviar currículo para maguile00@yahoo.com.br ou whatsapp 997998444.Unidade Del CastilhoBarraTijuca ou Centro.,http://www.sistemas-cro-rj.org.br/classificados/anuncio_view.php?id=58332
Rio de Janeiro,Tijuca ,Oportunidades de EMPREGO,Procuro clínico-geral com experiência de mais de 5 anos que tenha boa atuação em cirurgia oral menor e dentística para atendimentos particulares e por convênios. Disponibilidade de três dias na semana. Contato por e-mail ,http://www.sistemas-cro-rj.org.br/classificados/anuncio_view.php?id=58334
Rio de Janeiro,São Cristovão,Oportunidades de EMPREGO,VAGA ORTODONTISTA. enviar currículo por e-mail com a Legenda do assunto do e-mail: São Cristovão.,http://www.sistemas-cro-rj.org.br/classificados/anuncio_view.php?id=58336
Rio de Janeiro,SANTA CRUZ,Oportunidades de EMPREGO,VAGA PARA CD ATUANDO EM CIRURGIA ORAL MENOR.ENTRAR EM CONTATO COM DRA MONALISA,http://www.sistemas-cro-rj.org.br/classificados/anuncio_view.php?id=58346
Rio de Janeiro,Tijuca,Oportunidades de EMPREGO,Vaga para Cirurgião-Dentista clínico geral para atender planos e particulares em clínica de bom padrão na Tijuca.  WhatsApp para (021) 99535-5818.,http://www.sistemas-cro-rj.org.br/classificados/anuncio_view.php?id=58354
Rio de Janeiro,Tijuca,Oportunidades de EMPREGO,Vaga para Endodontista para atender planos e particulares em clínica de bom padrão na Tijuca.  WhatsApp para (021) 99535-5818.,http://www.sistemas-cro-rj.org.br/classificados/anuncio_view.php?id=58355
Rio de Janeiro,Tijuca,Oportunidades de EMPREGO,Vaga para Ortodontista para início de agenda particular em clínica de bom padrão na Tijuca.  WhatsApp para (021) 99535-5818.,http://www.sistemas-cro-rj.org.br/classificados/anuncio_view.php?id=58356
Rio de Janeiro,Todos,Oportunidades de EMPREGO,Clínica odontológica seleciona Dentistas CLÍNICO GERAL para trabalhar de segunda a sábado.Horário a combinar.Aceitamos também profissionais recém formado.Interessados entrar em contato no (21)96489-0719 ou no e-mail:janainaamorim@dentotal.com.br,http://www.sistemas-cro-rj.org.br/classificados/anuncio_view.php?id=58359
Rio de Janeiro,Todos,Oportunidades de EMPREGO,Clínica contrata RECEPCIONISTA simpáticaorganizada e com conhecimento em excel.Ter tino comercial será o diferencial. Interessados entrar em contato pelo Whatsapp 96489-0719 ou currículo para o e-mail :janainaamorim@dentotal.com.br,http://www.sistemas-cro-rj.org.br/classificados/anuncio_view.php?id=58360
Rio de Janeiro,Barra da Tijuca ,Oportunidades de EMPREGO,Procuro ASB para oportunidade de emprego em clínica de Harmonização facialmotivada e comunicativa. Carteira assinada. ,http://www.sistemas-cro-rj.org.br/classificados/anuncio_view.php?id=58364
